<?xml version="1.0" encoding="UTF-8"?>
<GenRun Id="impl_1" LaunchPart="xc7a100tcsg324-1" LaunchTime="1587938522">
  <File Type="BITSTR-BMM" Name="jpeg_top_bd.bmm"/>
  <File Type="OPT-METHODOLOGY-DRC" Name="jpeg_top_methodology_drc_opted.rpt"/>
  <File Type="INIT-TIMING" Name="jpeg_top_timing_summary_init.rpt"/>
  <File Type="ROUTE-PWR" Name="jpeg_top_power_routed.rpt"/>
  <File Type="PA-TCL" Name="jpeg_top.tcl"/>
  <File Type="OPT-TIMING" Name="jpeg_top_timing_summary_opted.rpt"/>
  <File Type="OPT-DCP" Name="jpeg_top_opt.dcp"/>
  <File Type="ROUTE-PWR-SUM" Name="jpeg_top_power_summary_routed.pb"/>
  <File Type="REPORTS-TCL" Name="jpeg_top_reports.tcl"/>
  <File Type="OPT-DRC" Name="jpeg_top_drc_opted.rpt"/>
  <File Type="OPT-HWDEF" Name="jpeg_top.hwdef"/>
  <File Type="PWROPT-DCP" Name="jpeg_top_pwropt.dcp"/>
  <File Type="PWROPT-DRC" Name="jpeg_top_drc_pwropted.rpt"/>
  <File Type="PWROPT-TIMING" Name="jpeg_top_timing_summary_pwropted.rpt"/>
  <File Type="PLACE-DCP" Name="jpeg_top_placed.dcp"/>
  <File Type="PLACE-IO" Name="jpeg_top_io_placed.rpt"/>
  <File Type="PLACE-CLK" Name="jpeg_top_clock_utilization_placed.rpt"/>
  <File Type="PLACE-UTIL" Name="jpeg_top_utilization_placed.rpt"/>
  <File Type="PLACE-UTIL-PB" Name="jpeg_top_utilization_placed.pb"/>
  <File Type="PLACE-CTRL" Name="jpeg_top_control_sets_placed.rpt"/>
  <File Type="PLACE-SIMILARITY" Name="jpeg_top_incremental_reuse_placed.rpt"/>
  <File Type="PLACE-PRE-SIMILARITY" Name="jpeg_top_incremental_reuse_pre_placed.rpt"/>
  <File Type="BG-BGN" Name="jpeg_top.bgn"/>
  <File Type="PLACE-TIMING" Name="jpeg_top_timing_summary_placed.rpt"/>
  <File Type="POSTPLACE-PWROPT-DCP" Name="jpeg_top_postplace_pwropt.dcp"/>
  <File Type="BG-BIN" Name="jpeg_top.bin"/>
  <File Type="POSTPLACE-PWROPT-TIMING" Name="jpeg_top_timing_summary_postplace_pwropted.rpt"/>
  <File Type="PHYSOPT-DCP" Name="jpeg_top_physopt.dcp"/>
  <File Type="PHYSOPT-DRC" Name="jpeg_top_drc_physopted.rpt"/>
  <File Type="BITSTR-MSK" Name="jpeg_top.msk"/>
  <File Type="PHYSOPT-TIMING" Name="jpeg_top_timing_summary_physopted.rpt"/>
  <File Type="ROUTE-ERROR-DCP" Name="jpeg_top_routed_error.dcp"/>
  <File Type="ROUTE-DCP" Name="jpeg_top_routed.dcp"/>
  <File Type="ROUTE-BLACKBOX-DCP" Name="jpeg_top_routed_bb.dcp"/>
  <File Type="ROUTE-DRC" Name="jpeg_top_drc_routed.rpt"/>
  <File Type="ROUTE-DRC-PB" Name="jpeg_top_drc_routed.pb"/>
  <File Type="BITSTR-LTX" Name="debug_nets.ltx"/>
  <File Type="BITSTR-LTX" Name="jpeg_top.ltx"/>
  <File Type="ROUTE-DRC-RPX" Name="jpeg_top_drc_routed.rpx"/>
  <File Type="BITSTR-MMI" Name="jpeg_top.mmi"/>
  <File Type="ROUTE-METHODOLOGY-DRC" Name="jpeg_top_methodology_drc_routed.rpt"/>
  <File Type="ROUTE-METHODOLOGY-DRC-RPX" Name="jpeg_top_methodology_drc_routed.rpx"/>
  <File Type="BITSTR-SYSDEF" Name="jpeg_top.sysdef"/>
  <File Type="ROUTE-METHODOLOGY-DRC-PB" Name="jpeg_top_methodology_drc_routed.pb"/>
  <File Type="ROUTE-PWR-RPX" Name="jpeg_top_power_routed.rpx"/>
  <File Type="ROUTE-STATUS" Name="jpeg_top_route_status.rpt"/>
  <File Type="ROUTE-STATUS-PB" Name="jpeg_top_route_status.pb"/>
  <File Type="ROUTE-TIMINGSUMMARY" Name="jpeg_top_timing_summary_routed.rpt"/>
  <File Type="ROUTE-TIMING-PB" Name="jpeg_top_timing_summary_routed.pb"/>
  <File Type="ROUTE-TIMING-RPX" Name="jpeg_top_timing_summary_routed.rpx"/>
  <File Type="ROUTE-SIMILARITY" Name="jpeg_top_incremental_reuse_routed.rpt"/>
  <File Type="ROUTE-CLK" Name="jpeg_top_clock_utilization_routed.rpt"/>
  <File Type="ROUTE-BUS-SKEW" Name="jpeg_top_bus_skew_routed.rpt"/>
  <File Type="ROUTE-BUS-SKEW-PB" Name="jpeg_top_bus_skew_routed.pb"/>
  <File Type="ROUTE-BUS-SKEW-RPX" Name="jpeg_top_bus_skew_routed.rpx"/>
  <File Type="POSTROUTE-PHYSOPT-DCP" Name="jpeg_top_postroute_physopt.dcp"/>
  <File Type="POSTROUTE-PHYSOPT-BLACKBOX-DCP" Name="jpeg_top_postroute_physopt_bb.dcp"/>
  <File Type="POSTROUTE-PHYSOPT-TIMING" Name="jpeg_top_timing_summary_postroute_physopted.rpt"/>
  <File Type="POSTROUTE-PHYSOPT-TIMING-PB" Name="jpeg_top_timing_summary_postroute_physopted.pb"/>
  <File Type="POSTROUTE-PHYSOPT-TIMING-RPX" Name="jpeg_top_timing_summary_postroute_physopted.rpx"/>
  <File Type="POSTROUTE-PHYSOPT-BUS-SKEW" Name="jpeg_top_bus_skew_postroute_physopted.rpt"/>
  <File Type="POSTROUTE-PHYSOPT-BUS-SKEW-PB" Name="jpeg_top_bus_skew_postroute_physopted.pb"/>
  <File Type="BG-BIT" Name="jpeg_top.bit"/>
  <File Type="POSTROUTE-PHYSOPT-BUS-SKEW-RPX" Name="jpeg_top_bus_skew_postroute_physopted.rpx"/>
  <File Type="BITSTR-RBT" Name="jpeg_top.rbt"/>
  <File Type="BITSTR-NKY" Name="jpeg_top.nky"/>
  <File Type="BG-DRC" Name="jpeg_top.drc"/>
  <File Type="RDI-RDI" Name="jpeg_top.vdi"/>
  <File Type="WBT-USG" Name="usage_statistics_webtalk.html"/>
  <FileSet Name="sources" Type="DesignSrcs" RelSrcDir="$PSRCDIR/sources_1">
    <Filter Type="Srcs"/>
    <File Path="C:/Users/Ldoua/Desktop/jpegencode-master/cb_dct.v">
      <FileInfo>
        <Attr Name="UsedIn" Val="synthesis"/>
        <Attr Name="UsedIn" Val="implementation"/>
        <Attr Name="UsedIn" Val="simulation"/>
      </FileInfo>
    </File>
    <File Path="C:/Users/Ldoua/Desktop/jpegencode-master/cb_huff.v">
      <FileInfo>
        <Attr Name="UsedIn" Val="synthesis"/>
        <Attr Name="UsedIn" Val="implementation"/>
        <Attr Name="UsedIn" Val="simulation"/>
      </FileInfo>
    </File>
    <File Path="C:/Users/Ldoua/Desktop/jpegencode-master/cb_quantizer.v">
      <FileInfo>
        <Attr Name="UsedIn" Val="synthesis"/>
        <Attr Name="UsedIn" Val="implementation"/>
        <Attr Name="UsedIn" Val="simulation"/>
      </FileInfo>
    </File>
    <File Path="C:/Users/Ldoua/Desktop/jpegencode-master/cbd_q_h.v">
      <FileInfo>
        <Attr Name="UsedIn" Val="synthesis"/>
        <Attr Name="UsedIn" Val="implementation"/>
        <Attr Name="UsedIn" Val="simulation"/>
      </FileInfo>
    </File>
    <File Path="C:/Users/Ldoua/Desktop/jpegencode-master/cr_dct.v">
      <FileInfo>
        <Attr Name="UsedIn" Val="synthesis"/>
        <Attr Name="UsedIn" Val="implementation"/>
        <Attr Name="UsedIn" Val="simulation"/>
      </FileInfo>
    </File>
    <File Path="C:/Users/Ldoua/Desktop/jpegencode-master/cr_huff.v">
      <FileInfo>
        <Attr Name="UsedIn" Val="synthesis"/>
        <Attr Name="UsedIn" Val="implementation"/>
        <Attr Name="UsedIn" Val="simulation"/>
      </FileInfo>
    </File>
    <File Path="C:/Users/Ldoua/Desktop/jpegencode-master/cr_quantizer.v">
      <FileInfo>
        <Attr Name="UsedIn" Val="synthesis"/>
        <Attr Name="UsedIn" Val="implementation"/>
        <Attr Name="UsedIn" Val="simulation"/>
      </FileInfo>
    </File>
    <File Path="C:/Users/Ldoua/Desktop/jpegencode-master/crd_q_h.v">
      <FileInfo>
        <Attr Name="UsedIn" Val="synthesis"/>
        <Attr Name="UsedIn" Val="implementation"/>
        <Attr Name="UsedIn" Val="simulation"/>
      </FileInfo>
    </File>
    <File Path="C:/Users/Ldoua/Desktop/jpegencode-master/ff_checker.v">
      <FileInfo>
        <Attr Name="UsedIn" Val="synthesis"/>
        <Attr Name="UsedIn" Val="implementation"/>
        <Attr Name="UsedIn" Val="simulation"/>
      </FileInfo>
    </File>
    <File Path="C:/Users/Ldoua/Desktop/jpegencode-master/fifo_out.v">
      <FileInfo>
        <Attr Name="UsedIn" Val="synthesis"/>
        <Attr Name="UsedIn" Val="implementation"/>
        <Attr Name="UsedIn" Val="simulation"/>
      </FileInfo>
    </File>
    <File Path="C:/Users/Ldoua/Desktop/jpegencode-master/pre_fifo.v">
      <FileInfo>
        <Attr Name="UsedIn" Val="synthesis"/>
        <Attr Name="UsedIn" Val="implementation"/>
        <Attr Name="UsedIn" Val="simulation"/>
      </FileInfo>
    </File>
    <File Path="C:/Users/Ldoua/Desktop/jpegencode-master/rgb2ycbcr.v">
      <FileInfo>
        <Attr Name="UsedIn" Val="synthesis"/>
        <Attr Name="UsedIn" Val="implementation"/>
        <Attr Name="UsedIn" Val="simulation"/>
      </FileInfo>
    </File>
    <File Path="C:/Users/Ldoua/Desktop/jpegencode-master/sync_fifo_32.v">
      <FileInfo>
        <Attr Name="UsedIn" Val="synthesis"/>
        <Attr Name="UsedIn" Val="implementation"/>
        <Attr Name="UsedIn" Val="simulation"/>
      </FileInfo>
    </File>
    <File Path="C:/Users/Ldoua/Desktop/jpegencode-master/sync_fifo_ff.v">
      <FileInfo>
        <Attr Name="UsedIn" Val="synthesis"/>
        <Attr Name="UsedIn" Val="implementation"/>
        <Attr Name="UsedIn" Val="simulation"/>
      </FileInfo>
    </File>
    <File Path="C:/Users/Ldoua/Desktop/jpegencode-master/y_dct.v">
      <FileInfo>
        <Attr Name="UsedIn" Val="synthesis"/>
        <Attr Name="UsedIn" Val="implementation"/>
        <Attr Name="UsedIn" Val="simulation"/>
      </FileInfo>
    </File>
    <File Path="C:/Users/Ldoua/Desktop/jpegencode-master/y_huff.v">
      <FileInfo>
        <Attr Name="UsedIn" Val="synthesis"/>
        <Attr Name="UsedIn" Val="implementation"/>
        <Attr Name="UsedIn" Val="simulation"/>
      </FileInfo>
    </File>
    <File Path="C:/Users/Ldoua/Desktop/jpegencode-master/y_quantizer.v">
      <FileInfo>
        <Attr Name="UsedIn" Val="synthesis"/>
        <Attr Name="UsedIn" Val="implementation"/>
        <Attr Name="UsedIn" Val="simulation"/>
      </FileInfo>
    </File>
    <File Path="C:/Users/Ldoua/Desktop/jpegencode-master/yd_q_h.v">
      <FileInfo>
        <Attr Name="UsedIn" Val="synthesis"/>
        <Attr Name="UsedIn" Val="implementation"/>
        <Attr Name="UsedIn" Val="simulation"/>
      </FileInfo>
    </File>
    <File Path="C:/Users/Ldoua/Desktop/jpegencode-master/jpeg_top.v">
      <FileInfo>
        <Attr Name="UsedIn" Val="synthesis"/>
        <Attr Name="UsedIn" Val="implementation"/>
        <Attr Name="UsedIn" Val="simulation"/>
      </FileInfo>
    </File>
    <Config>
      <Option Name="DesignMode" Val="RTL"/>
      <Option Name="TopModule" Val="jpeg_top"/>
      <Option Name="TopAutoSet" Val="TRUE"/>
    </Config>
  </FileSet>
  <FileSet Name="constrs_in" Type="Constrs" RelSrcDir="$PSRCDIR/constrs_1">
    <Filter Type="Constrs"/>
    <Config>
      <Option Name="ConstrsType" Val="XDC"/>
    </Config>
  </FileSet>
  <FileSet Name="utils" Type="Utils" RelSrcDir="$PSRCDIR/utils_1">
    <Filter Type="Utils"/>
    <Config>
      <Option Name="TopAutoSet" Val="TRUE"/>
    </Config>
  </FileSet>
  <Strategy Version="1" Minor="2">
    <StratHandle Name="Vivado Implementation Defaults" Flow="Vivado Implementation 2019">
      <Desc>Default settings for Implementation.</Desc>
    </StratHandle>
    <Step Id="init_design"/>
    <Step Id="opt_design"/>
    <Step Id="power_opt_design"/>
    <Step Id="place_design"/>
    <Step Id="post_place_power_opt_design"/>
    <Step Id="phys_opt_design"/>
    <Step Id="route_design"/>
    <Step Id="post_route_phys_opt_design"/>
    <Step Id="write_bitstream"/>
  </Strategy>
</GenRun>
